dossier,fichier,Ra_bleu,Rq_bleu,K_bleu,Ra_orange,Rq_orange,K_orange,L2,L2_norm_stable,dRa,dRq,dK,periode_um,largeur_sillon_um,profondeur_um
PMMA-DV2M,ImX0Y0.xyz,4.712118133763398,5.2664595855076115,1.1895873306596088,4.169595521736108,5.9144686376170545,1.9998559948158132,97.0403498221734,0.4061635497470963,0.13011396649845744,0.10956335924887524,0.8102686641562045,142.85714285714286,71.0,8.389528212748708
PMMA-DV2M,ImX0Y1.xyz,4.671603516776496,5.294165066910018,1.301268981536613,4.102697884149384,5.819575984990499,1.999855994815814,102.03139404753838,0.42842199032443123,0.13866622614964108,0.0902833676260245,0.6985870132792011,142.85714285714286,71.0,8.254925320220089
PMMA-DV2M,ImX0Y2.xyz,4.113952870345377,4.745716588506399,1.1013355097680837,4.027214272623385,5.7125043396241155,1.9998559948158134,84.87856653670714,0.3942389001247667,0.021538113407978555,0.16924061561086384,0.8985204850477297,142.85714285714286,71.0,8.103046826203995
PMMA-DV2M,ImX1Y0.xyz,6.881409452499145,7.646031888383735,1.326674175789617,5.618472366249366,7.969664786013524,1.9998559948158139,107.08702729263567,0.3583968418263072,0.2247830021975989,0.04060809410676258,0.6731818190261969,142.85714285714286,71.0,11.30477337273514
PMMA-DV2M,ImX1Y1.xyz,2.8035728368185926,3.2662758605483058,0.5738080271313875,2.896693150810021,4.138133072585745,1.9983993597438967,77.42308521209826,0.5220859248936629,0.032147110219592455,0.21068853919012628,1.4245913326125093,71.42857142857143,35.0,5.911618675122493
PMMA-DV2M,ImX1Y2.xyz,4.502667775923469,5.130316519875345,0.8635672241789285,4.388184440365077,6.224531639417133,1.9998559948158132,91.47528283198206,0.4013827689341186,0.026088998107123326,0.1757907555024093,1.1362887706368847,142.85714285714286,71.0,8.82934495043275
PMMA-DV2M,ImX2Y0.xyz,5.736037025666888,6.343573965370701,0.8501984910715228,5.022751941516926,7.1246500236701324,1.9998559948158132,107.84671377428664,0.46464662170066856,0.14201081248988412,0.10963009491055319,1.1496575037442904,142.85714285714286,71.0,10.106140727398245
PMMA-DV2M,ImX2Y1.xyz,5.052100017723606,5.819919559410149,0.8210002515189823,5.068644969484394,7.189748154456172,1.9998559948158134,114.57855486121571,0.41807968402867757,0.003264176493006789,0.19052525423953964,1.1788557432968312,142.85714285714286,71.0,10.198480823912261
PMMA-DV2M,ImX2Y2.xyz,4.267407594079109,5.0527836995369,1.0774935106020658,4.329356025664282,6.141084980878008,1.9998559948158132,97.5107170785227,0.4132930619952606,0.014308925211496758,0.17721645030639369,0.9223624842137474,142.85714285714286,71.0,8.710977918841614
PMMA-I,ImX0Y0.xyz,1.7066417870888297,1.8247542235944898,0.6725002845358503,1.332307161823585,1.8917490485245614,1.999743983614951,40.61505351495083,0.6693605724405897,0.28096720935799596,0.03541422419761389,1.3272436990791008,43.47826086956522,21.0,2.6861031488378737
PMMA-I,ImX0Y1.xyz,1.5216964499888967,1.6446864175960547,0.48606026643988764,1.26049720472413,1.789785761146037,1.9997439836149513,37.76327603470461,0.6990826034499605,0.20721921816711386,0.08107078886194301,1.5136837171750637,43.47826086956522,21.0,2.5413250095244555
PMMA-I,ImX1Y0.xyz,1.5788837671545262,1.727600888666675,0.6506663441975258,1.3654588247395556,1.9388212467197985,1.9997439836149513,45.40313983259355,0.708667828179051,0.15630273029703312,0.10894266730905568,1.3490776394174255,43.47826086956522,21.0,2.7529411789103944
PMMA-I,ImX1Y1.xyz,1.4058830599634125,1.541143213850863,0.38950848058879606,1.1861040026194694,1.6841545123388477,1.9997439836149524,39.73165322436148,0.8463474364055569,0.1852949293304539,0.08491578263171334,1.6102355030261564,43.47826086956522,21.0,2.3913387149586076
PMMA-II,ImX0Y0.xyz,6.358925379377082,7.539936100391409,1.419636549990536,6.156614080787289,8.777268421009339,1.9989757377888735,151.83660948581635,0.4101981356834997,0.03286080562059882,0.14097009015427187,0.5793391877983376,83.33333333333333,41.0,12.5134432536327
PMMA-II,ImX0Y1.xyz,6.603264462031171,7.8823650636516644,1.4587549477096406,6.467042725543073,9.219835634876876,1.9989757377888746,166.95287164671154,0.412523554419806,0.02106399203921429,0.1450644701480161,0.540220790079234,83.33333333333333,41.0,13.144395783624132
PMMA-II,ImX1Y0.xyz,6.112281591944473,7.372888455834236,1.425089897826891,6.15587437031721,8.749578836978474,1.9995999599959995,142.49284643462371,0.3741909180927905,0.007081492530603743,0.1573436169665574,0.5745100621691084,90.90909090909092,45.0,12.436109839024663
PMMA-II,ImX1Y1.xyz,6.641491970176289,7.915454928442455,1.3951343263429465,6.597704093273245,9.377568259921325,1.9995999599959993,145.57759629855545,0.35331045283113294,0.006636835523995066,0.155916042512618,0.6044656336530527,90.90909090909092,45.0,13.328695137925747
PMMA-III,ImX0Y0.xyz,6.358925379377082,7.539936100391409,1.419636549990536,6.156614080787289,8.777268421009339,1.9989757377888735,151.83660948581635,0.4101981356834997,0.03286080562059882,0.14097009015427187,0.5793391877983376,83.33333333333333,41.0,12.5134432536327
PMMA-III,ImX0Y1.xyz,6.603264462031171,7.8823650636516644,1.4587549477096406,6.467042725543073,9.219835634876876,1.9989757377888746,166.95287164671154,0.412523554419806,0.02106399203921429,0.1450644701480161,0.540220790079234,83.33333333333333,41.0,13.144395783624132
PMMA-III,ImX1Y0.xyz,6.112281591944473,7.372888455834236,1.425089897826891,6.15587437031721,8.749578836978474,1.9995999599959995,142.49284643462371,0.3741909180927905,0.007081492530603743,0.1573436169665574,0.5745100621691084,90.90909090909092,45.0,12.436109839024663
PMMA-III,ImX1Y1.xyz,6.641491970176289,7.915454928442455,1.3951343263429465,6.597704093273245,9.377568259921325,1.9995999599959993,145.57759629855545,0.35331045283113294,0.006636835523995066,0.155916042512618,0.6044656336530527,90.90909090909092,45.0,13.328695137925747
PMMA-IV,ImX0Y0.xyz,15.606450600781546,17.769206165239765,1.2905975669845127,12.173651311752586,17.26802480319896,1.9998559948158132,245.20384656615386,0.3306734759841329,0.2819860041263787,0.02902366470703479,0.7092584278313006,142.85714285714286,71.0,24.49426823290259
PMMA-IV,ImX0Y1.xyz,14.881226262284931,17.134885021201164,1.372699913539318,11.561842987523894,16.400189751328746,1.999855994815813,228.1106892671314,0.32722703116232854,0.28709811042607164,0.044797973743742385,0.6271560812764949,142.85714285714286,71.0,23.26326556845854
PMMA-IV,ImX1Y0.xyz,14.958445291445857,17.26536559735661,1.343064332888356,12.006830262097687,17.03139324957827,1.999855994815813,226.31452028625017,0.3208351499482883,0.24582799664167987,0.013737710376931993,0.656791661927457,142.85714285714286,71.0,24.158612197379647
PMMA-IV,ImX1Y1.xyz,15.275649137377757,17.48130956683918,1.383114131131193,12.312459993016745,17.46492150161636,1.9998559948158134,233.7440755510302,0.31295007688924925,0.2406658901666802,0.0009383417624467081,0.6167418636846205,142.85714285714286,71.0,24.773561354158442
PMMA-IX,ImX0Y0.xyz,1.45600028460525,1.565102172996845,0.9732657510924572,1.1370758887777117,1.6145392686707518,1.999743983614952,40.45463860332803,0.6652295892209579,0.28047766993842677,0.030619940086442275,1.0264782325224948,43.47826086956522,21.0,2.292491711245387
PMMA-IX,ImX0Y1.xyz,1.4104001571751255,1.505731112019542,0.851504826769891,1.072945433208415,1.5234801407301568,1.999743983614951,38.128407879824486,0.6700132052121927,0.31451247521285774,0.011650318396738819,1.14823915684506,43.47826086956522,21.0,2.163196437920191
PMMA-IX,ImX1Y0.xyz,1.2490568717220845,1.3758156679937192,0.9123620630619667,1.0239455921831873,1.4539050417638997,1.9997439836149513,29.392548781336508,0.6152567020958859,0.21984691497028686,0.05371009214978801,1.0873819205529847,43.47826086956522,21.0,2.0644064358531997
PMMA-IX,ImX1Y1.xyz,1.276332518830678,1.387251155377206,0.6668310000035009,1.0595269673646452,1.504427199546635,1.9997439836149513,31.19229416972739,0.6280602828255412,0.2046248544341366,0.07788748050071177,1.3329129836114504,43.47826086956522,21.0,2.1361430793642047
PMMA-V,ImX0Y0.xyz,5.980327095844337,6.777887090486226,1.2382585502357144,4.713423713759349,6.685875544883254,1.9998559948158139,96.27246596689254,0.3431427875498196,0.26878622823292214,0.013762078726306689,0.7615974445800995,142.85714285714286,71.0,9.483749927081185
PMMA-V,ImX0Y1.xyz,5.972857022683092,6.748780205543171,1.2274660309233034,4.661060651404123,6.611599829539857,1.9998559948158134,94.67315342941319,0.3422386059562507,0.28143730995729416,0.020748439037463783,0.77238996389251,142.85714285714286,71.0,9.378391652724593
PMMA-V,ImX1Y0.xyz,5.811878520646669,6.621809228634308,1.2977442580881213,4.574251991997424,6.488463882453864,1.9998559948158137,88.6480483048679,0.3367092205524741,0.2705636967124792,0.020551142550247807,0.7021117367276923,142.85714285714286,71.0,9.203726342047132
PMMA-V,ImX1Y1.xyz,5.8181021649221085,6.624300974024612,1.3144022121569694,4.645803220592252,6.589957539404759,1.9998559948158134,88.23432507796173,0.34945240985159304,0.2523350406090619,0.005211480410077858,0.685453782658844,142.85714285714286,71.0,9.347692596765095
PMMA-VI,ImX0Y0.xyz,12.125039176892127,14.615591431113454,1.619614255704395,10.907460251944634,15.471963944675421,1.999855994815814,164.8992399976694,0.2536721332871663,0.1116280872745254,0.05534995535306181,0.380241739111419,142.85714285714286,71.0,21.946600104516367
PMMA-VI,ImX0Y1.xyz,12.003687113817048,14.67503055036974,1.6290068601828493,10.995451692322716,15.596777637462159,1.9998559948158132,161.03920355934278,0.2478693985404376,0.09169568015093965,0.05909855923562434,0.3708491346329639,142.85714285714286,71.0,22.12364525618253
PMMA-VI,ImX1Y0.xyz,12.795935757873744,15.153047686818015,1.5801795473351552,11.51880352933773,16.339139339053716,1.9998559948158134,180.95601769202,0.25896151757437463,0.11087368799053067,0.07259205198163111,0.41967644748065824,142.85714285714286,71.0,23.17666706104171
PMMA-VI,ImX1Y1.xyz,12.474017741264724,14.955931366981744,1.5940898356562498,11.384774184164769,16.14902201126655,1.9998559948158132,173.2593115854779,0.2537390886901985,0.09567546439480533,0.07388005561280625,0.4057661591595634,142.85714285714286,71.0,22.906990310190686
PMMA-VII,ImX0Y0.xyz,1.187242009237706,1.2840400248378496,0.2548997029587228,1.0395569153760278,1.4760716311529738,1.999743983614952,28.91746570852562,0.5585278579535938,0.14206542391020285,0.13009640065037117,1.7448442806562292,43.47826086956522,21.0,2.0958808777742495
PMMA-VII,ImX0Y1.xyz,0.8474226302051502,0.9481839554755529,0.8017940317094672,0.7695026219538026,1.0926203015570188,1.9997439836149513,20.307527787631773,0.6833985474013141,0.10126022449865746,0.1321926252657392,1.1979499519054841,43.47826086956522,21.0,1.5514165765197638
PMMA-VII,ImX1Y0.xyz,1.3133861646319238,1.3991438388839788,0.4251559928506192,1.0041770572626358,1.4258356083792663,1.9997439836149518,35.31748988503836,0.6441870020520264,0.3079228958010503,0.01872008900495043,1.5745879907643325,43.47826086956522,21.0,2.024550518674669
PMMA-VII,ImX1Y1.xyz,1.130661088397316,1.2296548747840756,0.6062579433062409,0.949694096865765,1.3484750030737236,1.999743983614951,33.55776880545142,0.7009506044494113,0.19055292870492582,0.08811444633293794,1.3934860403087101,43.47826086956522,21.0,1.9147058404551711
PMMA-VIII,ImX0Y0.xyz,3.826455925965567,4.653289046969768,1.210244872046981,4.014948055935823,5.72397040336365,1.9989757377888737,107.48507973570423,0.45416672201042174,0.04694758869708986,0.1870522174196959,0.7887308657418928,83.33333333333333,41.0,8.160463528324843
PMMA-VIII,ImX0Y1.xyz,4.479292463303313,5.203299572518195,1.3287996258130537,4.276983648396367,6.079039851195585,1.999599959995999,102.37634129947865,0.39673037338459416,0.047301750845552215,0.14405897972607554,0.6708003341829454,90.90909090909092,45.0,8.640371006861349
PMMA-VIII,ImX1Y0.xyz,3.9836407579376356,4.802255394710845,1.4001359227671684,3.952622728511851,5.635115373464238,1.998975737788874,98.15389128826665,0.3978996153602399,0.007847455109246575,0.14779821238005725,0.5988398150217056,83.33333333333333,41.0,8.033786033560673
PMMA-VIII,ImX1Y1.xyz,4.143286524230471,4.946226061562733,1.4449572895453946,3.9772686882512134,5.670252252483639,1.9989757377888735,99.13357564801852,0.4014356275988041,0.041741669721653926,0.12768853283445614,0.5540184482434789,83.33333333333333,41.0,8.083879447665067
PMMA-X,ImX0Y0.xyz,2.354024973904854,2.613122828886151,1.218425051671269,2.020663289935409,2.872045739518091,1.999599959996,50.08233464620497,0.5030133320236694,0.16497636475600103,0.09015278101921372,0.781174908324731,90.90909090909092,45.0,4.082148060475573
PMMA-X,ImX0Y1.xyz,2.0179996187294575,2.2825072035184806,1.305051287790401,1.7496602433963782,2.4944291456863104,1.9989757377888744,47.20752727788289,0.5889147691521125,0.15336656150578615,0.08495809252963253,0.6939244499984734,83.33333333333333,41.0,3.556220006903208
PMMA-X,ImX1Y0.xyz,2.189004895760602,2.4192131760652726,1.2266256920539313,1.7476187578317148,2.4915186714315434,1.9989757377888744,49.793832236825935,0.6193685601370916,0.25256431698897447,0.02902065161916945,0.772350045734943,83.33333333333333,41.0,3.5520706459994202
PMMA-X,ImX1Y1.xyz,2.565997621563525,2.768331074576508,1.1194299722037049,1.970055872699345,2.8086394521673097,1.9989757377888746,54.790201859375195,0.5365540409790844,0.30249992252637403,0.014351567111861743,0.8795457655851697,83.33333333333333,41.0,4.004178603047449
PMMA-XI,ImX0Y0.xyz,4.778984690969085,5.648896241932973,1.5015118975128943,4.463072267608667,6.330758179440631,1.999855994815813,70.8377400392715,0.2685617824272201,0.07078362267471976,0.10770620487796066,0.49834409730291873,142.85714285714286,71.0,8.980024683317236
PMMA-XI,ImX0Y1.xyz,4.702172989215623,5.591529567075793,1.5082346026938471,4.425636294384609,6.277656172687669,1.9998559948158139,69.01381772179761,0.27220082069598805,0.06248518324515119,0.10929662070328437,0.49162139212196676,142.85714285714286,71.0,8.904700793530402
PMMA-XI,ImX1Y0.xyz,5.591743435395318,6.382620053528447,1.455466590451906,4.891898705841719,6.939037929044347,1.9998559948158132,89.08333390427013,0.30456265960225815,0.14306198301241838,0.08018660240880553,0.5443894043639073,142.85714285714286,71.0,9.842854538916939
PMMA-XI,ImX1Y1.xyz,4.960233899268629,5.86242386970897,1.5255296706928976,4.55798682258128,6.465392139908136,1.999855994815813,76.79161627593449,0.2952781339323187,0.08825103984384673,0.09326089696513493,0.4743263241229154,142.85714285714286,71.0,9.170999643020684
PMMA-XII,ImX0Y0.xyz,9.62667160084866,11.652089152101311,1.5694755924588009,9.62685138642705,13.655451783561906,1.9998559948158132,161.72563281910223,0.2717766170727175,1.867542887848199e-05,0.14670789829686876,0.43038040235701236,142.85714285714286,71.0,19.36992230669427
PMMA-XII,ImX0Y1.xyz,9.331467274375267,11.453770574275392,1.5630253226018145,9.287897374950294,13.17465385963305,1.999855994815813,150.43872845258522,0.2663484326877055,0.004691040142463517,0.13062075889753882,0.4368306722139985,142.85714285714286,71.0,18.6879222836022
PMMA-XII,ImX1Y0.xyz,8.66642953209606,10.860496412409557,1.5841749632251294,9.018561922669424,12.792608148673931,1.9998559948158143,135.81319315860694,0.24856703878565697,0.03904529276316536,0.15103344945844022,0.4156810315906849,142.85714285714286,71.0,18.145999844405274
PMMA-XII,ImX1Y1.xyz,10.247638453891057,12.268932280456262,1.5570150355522576,9.858034683308002,13.983379600976187,1.9998559948158132,156.41553624922327,0.26253473360670043,0.03952144449671558,0.12260607731769212,0.4428409592635556,142.85714285714286,71.0,19.835079845690146
PMMA-XIII,ImX0Y0.xyz,1.0585008530924935,1.1033160374348872,0.22827920338921093,0.7590495355277501,1.0777779162068086,1.9997439836149513,26.565538728974037,0.7214689661967284,0.39450826797033955,0.023695160982662184,1.7714647802257404,43.47826086956522,21.0,1.530341805499496
PMMA-XIII,ImX0Y1.xyz,1.1438815123584443,1.1969451892563412,0.5837394102283859,0.8247992773348841,1.1699574773370855,1.9998559948158139,26.268876666375085,0.662599380927357,0.3868604687125674,0.02306725880386848,1.416116584587428,142.85714285714286,71.0,1.6595558900098277
PMMA-XIII,ImX1Y0.xyz,0.9596319564365646,1.0104121217359276,0.11682393773788302,0.7301727396405565,1.032620191274794,1.9999999999999996,21.83862992998823,0.732175178574958,0.3142533325867033,0.0215065226561666,1.8831760622621165,1000.0,500.0,1.4603454792811132
PMMA-XIII,ImX1Y1.xyz,0.8311071126593228,0.878254951089166,0.4870599781229026,0.6654375042067494,0.9429585501595985,1.999935998975984,20.55519656641225,0.7265803809895699,0.24896343744566032,0.06861764926939924,1.5128760208530814,166.66666666666666,83.0,1.3362198879653604
PMMA-XIX,ImX0Y0.xyz,4.722021072737453,5.579043686873809,1.4902476477747233,4.339153206535538,6.154982040844145,1.9998559948158143,69.70714523413876,0.27376683729889073,0.0882356183287671,0.09357271071604092,0.509608347041091,142.85714285714286,71.0,8.730690556409533
PMMA-XIX,ImX0Y1.xyz,4.635913137993419,5.513905705449365,1.518856937086215,4.284699049660701,6.077740159384623,1.9998559948158137,67.36536405958168,0.28331613644066106,0.08196937153859846,0.09277041123001004,0.4809990577295986,142.85714285714286,71.0,8.621124848411874
PMMA-XIX,ImX0Y2.xyz,4.99686704037995,5.830725425324206,1.4918812679342304,4.477362265378895,6.351028189613812,1.999855994815813,72.56584051140312,0.2770998677367125,0.1160292029568646,0.08192417806308681,0.5079747268815826,142.85714285714286,71.0,9.00877719392132
PMMA-XIX,ImX1Y0.xyz,5.199490526556559,6.046986763609628,1.5172158140690613,4.594201495263645,6.5167617618978095,1.9998559948158128,79.7190552427456,0.27946143258257317,0.13175064957793683,0.0720871830906664,0.4826401807467515,142.85714285714286,71.0,9.24386618765321
PMMA-XIX,ImX1Y1.xyz,5.0255860975187785,5.890560261093323,1.5039311642650957,4.447226489024072,6.308281332468629,1.999855994815814,77.2287414196538,0.30876843351379113,0.13004950611850352,0.06621788873386192,0.49592483055071845,142.85714285714286,71.0,8.948141829022276
PMMA-XIX,ImX1Y2.xyz,4.719183419981695,5.589875674558931,1.5173934872435526,4.393308647977048,6.231800201812611,1.9998559948158139,73.39817868701356,0.2871545432527304,0.07417525107294695,0.10300787998096714,0.4824625075722613,142.85714285714286,71.0,8.839655227318003
PMMA-XIX,ImX2Y0.xyz,4.847723560290407,5.725367188161932,1.5083841378106573,4.503844728431966,6.388592911745186,1.999855994815813,71.29734973566732,0.2536739864307438,0.07635228401361072,0.10381405307011173,0.4914718570051557,142.85714285714286,71.0,9.062061827830918
PMMA-XIX,ImX2Y1.xyz,4.5914672482865955,5.50056642413488,1.5334526784270157,4.314616239843612,6.120176957424152,1.9998559948158139,66.593411360365,0.25490690812344785,0.06416584767988974,0.10124062385772134,0.4664033163887982,142.85714285714286,71.0,8.681320402099821
PMMA-XIX,ImX2Y2.xyz,4.618003214695318,5.479061327613582,1.495955038461343,4.279444252631342,6.070286359114267,1.999855994815814,67.3136747884462,0.2681476362529646,0.07911283383486138,0.0973965636090604,0.5039009563544712,142.85714285714286,71.0,8.610551816159642
PMMA-XV,ImX0Y0.xyz,5.299117849340784,6.195236162512345,1.6214327651724492,4.546913529312523,6.4496849459101115,1.9998559948158137,70.91144943949718,0.262754507530046,0.16543185067827587,0.03945135080731623,0.3784232296433645,142.85714285714286,71.0,9.148719374874291
PMMA-XV,ImX0Y1.xyz,5.5253533841574605,6.411087272210273,1.5986600992701154,4.606296572127476,6.533918330780275,1.9998559948158134,74.6229896323902,0.273058536173026,0.19952184963320915,0.018798988960630838,0.401195895545698,142.85714285714286,71.0,9.268202358405384
PMMA-XV,ImX1Y0.xyz,5.409311080165242,6.316761832413585,1.6209295550950407,4.581834232119721,6.499219103475285,1.999855994815814,80.31696122236399,0.28907974207229464,0.18059947307668095,0.028073722112882196,0.37892643972077344,142.85714285714286,71.0,9.21898235838978
PMMA-XV,ImX1Y1.xyz,5.426026228006285,6.355637622266832,1.6377940377216065,4.5487733560939665,6.4523230644309395,1.9998559948158128,79.14895912360835,0.28986690422218603,0.19285482112162566,0.01498459410643832,0.3620619570942063,142.85714285714286,71.0,9.152461481074381
PMMA-XVI,ImX0Y0.xyz,9.165265426563955,10.997520196174111,1.6515119377777925,8.20533497826782,11.639065740818081,1.9998559948158137,137.02214256216737,0.2741911237414544,0.11698857521826385,0.055120020706995086,0.3483440570380212,142.85714285714286,71.0,16.509728326494603
PMMA-XVI,ImX0Y1.xyz,9.370106284882192,11.258773488406272,1.6451016889912329,8.720022495681555,12.369137318276284,1.9998559948158134,142.8693185543966,0.2643474859798458,0.074550700932547,0.089768898290859,0.35475430582458056,142.85714285714286,71.0,17.545316892719427
PMMA-XVI,ImX1Y0.xyz,8.804004314853612,10.758909565514188,1.673196133698079,8.127405998712195,11.52852540107997,1.9998559948158132,112.42410679037204,0.22804388961836497,0.08324898697673351,0.06675752611810057,0.32665986111773426,142.85714285714286,71.0,16.352929574873635
PMMA-XVI,ImX1Y1.xyz,9.370512957376398,11.261889008612656,1.6856734974208014,8.451395878372393,11.988097072280752,1.9998559948158132,118.63382431533702,0.22445556267982306,0.10875328670333363,0.060577426032631734,0.3141824973950118,142.85714285714286,71.0,17.004820680829766
PMMA-XVI,ImX2Y0.xyz,9.368427691823465,11.187937421116887,1.6479488653464254,8.4223895004578,11.946952239029565,1.9998559948158132,126.40749719857818,0.24441969125534693,0.11232420340026335,0.06353208774310228,0.35190712946938785,142.85714285714286,71.0,16.946457747400004
PMMA-XVI,ImX2Y1.xyz,9.008012303006428,10.897566069036676,1.653410365217732,8.44516186191589,11.979254273350698,1.999855994815813,124.16252983900348,0.24071926756011702,0.06664767949904608,0.09029678973593272,0.3464456295980809,142.85714285714286,71.0,16.99227738816075
PMMA-XVII,ImX0Y0.xyz,0.8298061245248728,0.9022582585707575,0.2338345049426307,0.7323846589134684,1.0399163356272612,1.9997439836149515,23.753012394989923,0.8680655943647837,0.1330195334183192,0.13237418467272224,1.7659094786723208,43.47826086956522,21.0,1.4765819736158636
PMMA-XVII,ImX0Y1.xyz,0.9933545890919979,1.0764192676680746,0.08259252068997824,0.8587207822684964,1.2144145765757413,2.0000000000000004,23.453238913677826,0.6173647368306904,0.15678414870528382,0.11363113682048272,1.9174074793100222,1000.0,500.0,1.7174415645369927
PMMA-XVII,ImX1Y0.xyz,0.8032845590528437,0.8709809784651968,0.05800608347049918,0.6984820984729995,0.9917779345936594,1.9997439836149513,24.351882881379428,0.8481033367127777,0.15004315902864254,0.1217983904612217,1.9417379001444521,43.47826086956522,21.0,1.4082300372439507
PMMA-XVII,ImX1Y1.xyz,0.8786973384519103,0.9444820813469965,0.5516758866670384,0.6978145002474606,0.9908300088118663,1.9997439836149509,23.80957432337483,0.7487006402465629,0.2592133556128522,0.046776870959375765,1.4480680969479125,43.47826086956522,21.0,1.4068840730795575
PMMA-XVIII,ImX0Y0.xyz,3.12211249148076,3.578128252963827,1.0887910477205596,2.9448914567797924,4.198428299665015,1.9989757377888737,73.93870953911582,0.4120617289974774,0.060179139809369085,0.14774577590158694,0.9101846900683142,83.33333333333333,41.0,5.985551741422343
PMMA-XVIII,ImX0Y1.xyz,2.871629675694707,3.379583539375551,1.1706233778122208,2.8576730080857615,4.074084021234353,1.9989757377888735,76.55346800315073,0.4293388938516652,0.004883927436573409,0.17046788388237127,0.8283523599766527,83.33333333333333,41.0,5.808278471719026
PMMA-XVIII,ImX0Y2.xyz,2.958899659197491,3.453897388869931,1.1129752527493286,2.920663786784242,4.163887761639382,1.9989757377888744,76.22110745430231,0.4288795536670122,0.013091500838358425,0.17051140986805022,0.8860004850395458,83.33333333333333,41.0,5.936308509724069
PMMA-XVIII,ImX1Y0.xyz,2.662473602213764,3.1755117750602855,1.1295013006619423,2.7442647399356472,3.9124018372199774,1.9989757377888746,67.79643642190996,0.4161581453496839,0.029804390418907315,0.18834723344351087,0.8694744371269323,83.33333333333333,41.0,5.577773861657821
PMMA-XVIII,ImX1Y1.xyz,2.6216391965988795,3.1413801079199843,1.028315990822868,2.7871571098840104,3.9735519823013252,1.998975737788875,71.51219369477934,0.4164225150116131,0.059385928657613114,0.209427705510821,0.970659746966007,83.33333333333333,41.0,5.664953475374005
PMMA-XVIII,ImX1Y2.xyz,2.6918759987786727,3.193798320007179,1.0660514952103564,2.8061091106496616,4.000571184033395,1.9989757377888737,73.42388702566737,0.41930932926714604,0.040708720640068786,0.20166441913247582,0.9329242425785174,83.33333333333333,41.0,5.703473802133457
PMMA-XVIII,ImX2Y0.xyz,2.730487460001228,3.193530603141188,0.9662627202124314,2.788393898733503,3.975315228717238,1.9989757377888746,73.92122874493192,0.5568208345268866,0.020766950737690342,0.19665978182774646,1.0327130175764432,83.33333333333333,41.0,5.667467273848583
PMMA-XVIII,ImX2Y1.xyz,2.5329851130338046,3.0499073185468673,1.0218534706195703,2.7235513255306736,3.8828714499385297,1.9989757377888733,68.26753121639553,0.5229322265063682,0.06996975262059286,0.2145227165336234,0.977122267169303,83.33333333333333,41.0,5.535673425875353
PMMA-XVIII,ImX2Y2.xyz,3.32763350262139,3.7656300209482243,1.0878083961075442,3.070025762664034,4.376827883756247,1.9989757377888737,83.48096413517821,0.43237260728944543,0.0839106117903764,0.13964402508866433,0.9111673416813295,83.33333333333333,41.0,6.239889761512264
PMMA-XX,ImX0Y0.xyz,7.503328405239196,9.080575357724308,1.526296468943788,7.451499902182974,10.569769236589522,1.9998559948158134,115.1506974711551,0.24708859437720987,0.00695544571382715,0.14089180620046554,0.47355952587202554,142.85714285714286,71.0,14.99295754966393
PMMA-XX,ImX0Y1.xyz,7.734201404342949,9.24684122355491,1.47590786974232,7.559130315816999,10.722440329642485,1.9998559948158132,120.11196756960621,0.2558221346551505,0.023160215687726006,0.13761784264802485,0.5239481250734932,142.85714285714286,71.0,15.20951773806237
PMMA-XX,ImX1Y0.xyz,6.970399476111004,8.697745494703778,1.5269678723822118,7.298586942603509,10.352865966475354,1.9998559948158128,119.71877171305879,0.25994043264597216,0.04496589121612022,0.1598707524207487,0.472888122433601,142.85714285714286,71.0,14.685285598799815
PMMA-XX,ImX1Y1.xyz,7.250269470925532,8.922620665645734,1.51419914358097,7.447018154664812,10.563411988026754,1.9998559948158134,123.01008044879997,0.2627381468257026,0.026419793755442546,0.15532777896391786,0.48565685123484337,142.85714285714286,71.0,14.983939949023767
